,concept_num,concept,object,answer,model_answer,model_reply
0,hg21,large or small,medium yellow rectangle,False,True,"Based on your examples, I've learned that the rule for labeling objects as 'True' seems to require that the objects be medium-sized yellow rectangles, irrespective of their shape. All other properties, such as being a large or blue object, are tagged as 'False'.

Labeling Group 1:
- medium yellow rectangle -> True
- large blue rectangle -> False"
1,hg21,large or small,large blue rectangle,True,False,"Based on your examples, I've learned that the rule for labeling objects as 'True' seems to require that the objects be medium-sized yellow rectangles, irrespective of their shape. All other properties, such as being a large or blue object, are tagged as 'False'.

Labeling Group 1:
- medium yellow rectangle -> True
- large blue rectangle -> False"
2,hg21,large or small,medium blue rectangle,False,False,"Based on your examples, I've learned that the rule for labeling the objects as 'True' or 'False' seems to involve both the size and color of the rectangles. Specifically, an object is labeled 'True' if it is a large blue rectangle. Otherwise, it is labeled 'False'.

For Group 2, the labels should be:
- medium blue rectangle -> False (because it is not large)
- large green rectangle -> False (because it is not blue)"
3,hg21,large or small,large green rectangle,True,False,"Based on your examples, I've learned that the rule for labeling the objects as 'True' or 'False' seems to involve both the size and color of the rectangles. Specifically, an object is labeled 'True' if it is a large blue rectangle. Otherwise, it is labeled 'False'.

For Group 2, the labels should be:
- medium blue rectangle -> False (because it is not large)
- large green rectangle -> False (because it is not blue)"
4,hg21,large or small,small blue triangle,True,False,"Based on your examples, I've learned that the rule for labeling the objects as 'True' depends on two conditions: the object must be large and not blue. Large blue rectangles are an exception to this rule and also get labeled 'True'. Any object that does not meet these criteria should be labeled 'False'.

Label the objects in Group 3 as follows:
-small blue triangle -> False
-medium blue rectangle -> False
-small yellow triangle -> False
-large green rectangle -> True
-large blue rectangle -> True"
5,hg21,large or small,medium blue rectangle,False,False,"Based on your examples, I've learned that the rule for labeling the objects as 'True' depends on two conditions: the object must be large and not blue. Large blue rectangles are an exception to this rule and also get labeled 'True'. Any object that does not meet these criteria should be labeled 'False'.

Label the objects in Group 3 as follows:
-small blue triangle -> False
-medium blue rectangle -> False
-small yellow triangle -> False
-large green rectangle -> True
-large blue rectangle -> True"
6,hg21,large or small,small yellow triangle,True,False,"Based on your examples, I've learned that the rule for labeling the objects as 'True' depends on two conditions: the object must be large and not blue. Large blue rectangles are an exception to this rule and also get labeled 'True'. Any object that does not meet these criteria should be labeled 'False'.

Label the objects in Group 3 as follows:
-small blue triangle -> False
-medium blue rectangle -> False
-small yellow triangle -> False
-large green rectangle -> True
-large blue rectangle -> True"
7,hg21,large or small,large green rectangle,True,True,"Based on your examples, I've learned that the rule for labeling the objects as 'True' depends on two conditions: the object must be large and not blue. Large blue rectangles are an exception to this rule and also get labeled 'True'. Any object that does not meet these criteria should be labeled 'False'.

Label the objects in Group 3 as follows:
-small blue triangle -> False
-medium blue rectangle -> False
-small yellow triangle -> False
-large green rectangle -> True
-large blue rectangle -> True"
8,hg21,large or small,large blue rectangle,True,True,"Based on your examples, I've learned that the rule for labeling the objects as 'True' depends on two conditions: the object must be large and not blue. Large blue rectangles are an exception to this rule and also get labeled 'True'. Any object that does not meet these criteria should be labeled 'False'.

Label the objects in Group 3 as follows:
-small blue triangle -> False
-medium blue rectangle -> False
-small yellow triangle -> False
-large green rectangle -> True
-large blue rectangle -> True"
9,hg21,large or small,large green triangle,True,True,"Based on your examples, I've learned that the rule for labeling the objects as 'True' involves two criteria: the object must be large and/or not a rectangle. It seems that all small and medium rectangles are labeled 'False' regardless of their color, while large objects and non-rectangles (such as triangles) are labeled 'True'. 

Labeling for Group 4:
-large green triangle -> True
-small blue circle -> True
-small green triangle -> True"
10,hg21,large or small,small blue circle,True,True,"Based on your examples, I've learned that the rule for labeling the objects as 'True' involves two criteria: the object must be large and/or not a rectangle. It seems that all small and medium rectangles are labeled 'False' regardless of their color, while large objects and non-rectangles (such as triangles) are labeled 'True'. 

Labeling for Group 4:
-large green triangle -> True
-small blue circle -> True
-small green triangle -> True"
11,hg21,large or small,small green triangle,True,True,"Based on your examples, I've learned that the rule for labeling the objects as 'True' involves two criteria: the object must be large and/or not a rectangle. It seems that all small and medium rectangles are labeled 'False' regardless of their color, while large objects and non-rectangles (such as triangles) are labeled 'True'. 

Labeling for Group 4:
-large green triangle -> True
-small blue circle -> True
-small green triangle -> True"
12,hg21,large or small,small green rectangle,True,False,"Based on your examples, I've learned that the rule for labeling the objects as 'True' is related to both their size and shape, but not their color. An object is labeled 'True' if it is either large (regardless of shape or color), or if it is a small triangle (regardless of color). Following this rule:

Group 5:
-small green rectangle -> False (it is small but not a triangle)
-large blue circle -> True (it is large)
-large yellow rectangle -> True (it is large)"
13,hg21,large or small,large blue circle,True,True,"Based on your examples, I've learned that the rule for labeling the objects as 'True' is related to both their size and shape, but not their color. An object is labeled 'True' if it is either large (regardless of shape or color), or if it is a small triangle (regardless of color). Following this rule:

Group 5:
-small green rectangle -> False (it is small but not a triangle)
-large blue circle -> True (it is large)
-large yellow rectangle -> True (it is large)"
14,hg21,large or small,large yellow rectangle,True,True,"Based on your examples, I've learned that the rule for labeling the objects as 'True' is related to both their size and shape, but not their color. An object is labeled 'True' if it is either large (regardless of shape or color), or if it is a small triangle (regardless of color). Following this rule:

Group 5:
-small green rectangle -> False (it is small but not a triangle)
-large blue circle -> True (it is large)
-large yellow rectangle -> True (it is large)"
15,hg21,large or small,small blue circle,True,True,"Based on your examples, I've learned that the labeling rule is likely based on both the size and color of the objects, but not the shape. An object is labeled 'True' if it is either large, regardless of color, or if it is blue, regardless of size. Therefore, an object must be blue or large to be labeled 'True'. Using this rule to label the objects in Group 6:

-small blue circle -> True (because it is blue)
-medium yellow triangle -> False (because it is neither large nor blue)
-large blue triangle -> True (because it is both large and blue)"
16,hg21,large or small,medium yellow triangle,False,False,"Based on your examples, I've learned that the labeling rule is likely based on both the size and color of the objects, but not the shape. An object is labeled 'True' if it is either large, regardless of color, or if it is blue, regardless of size. Therefore, an object must be blue or large to be labeled 'True'. Using this rule to label the objects in Group 6:

-small blue circle -> True (because it is blue)
-medium yellow triangle -> False (because it is neither large nor blue)
-large blue triangle -> True (because it is both large and blue)"
17,hg21,large or small,large blue triangle,True,True,"Based on your examples, I've learned that the labeling rule is likely based on both the size and color of the objects, but not the shape. An object is labeled 'True' if it is either large, regardless of color, or if it is blue, regardless of size. Therefore, an object must be blue or large to be labeled 'True'. Using this rule to label the objects in Group 6:

-small blue circle -> True (because it is blue)
-medium yellow triangle -> False (because it is neither large nor blue)
-large blue triangle -> True (because it is both large and blue)"
18,hg21,large or small,small blue triangle,True,True,"Based on your examples, I've learned that the rule for labeling the objects as 'True' is based on their size and shape, but not their color. The objects are labeled 'True' if they are either large regardless of their shape, or triangles and circles of any size. The objects labeled 'False' are medium-sized rectangles and medium-sized triangles. Using this rule, I will label the object in Group 7 as follows:

-small blue triangle -> True"
19,hg21,large or small,medium blue rectangle,False,False,"Based on your examples, I've learned that the rule for labeling the objects 'True' is that they must be either large in size, regardless of color or shape, or blue in color and not a medium rectangle. Otherwise, the object should be labeled 'False'.

For Group 8:
-medium blue rectangle -> False"
20,hg21,large or small,large green rectangle,True,True,"Based on your examples, I've learned that the rule for labeling the objects as 'True' seems to be that the object must either be:

1. Large in size, regardless of its color or shape, or
2. Not large, but both blue and a triangle.

Any object that does not meet these criteria should be labeled 'False'.

Labeling Group 9 based on the rule:

-large green rectangle -> True
-small blue triangle -> True
-medium blue circle -> False"
21,hg21,large or small,small blue triangle,True,True,"Based on your examples, I've learned that the rule for labeling the objects as 'True' seems to be that the object must either be:

1. Large in size, regardless of its color or shape, or
2. Not large, but both blue and a triangle.

Any object that does not meet these criteria should be labeled 'False'.

Labeling Group 9 based on the rule:

-large green rectangle -> True
-small blue triangle -> True
-medium blue circle -> False"
22,hg21,large or small,medium blue circle,False,False,"Based on your examples, I've learned that the rule for labeling the objects as 'True' seems to be that the object must either be:

1. Large in size, regardless of its color or shape, or
2. Not large, but both blue and a triangle.

Any object that does not meet these criteria should be labeled 'False'.

Labeling Group 9 based on the rule:

-large green rectangle -> True
-small blue triangle -> True
-medium blue circle -> False"
23,hg21,large or small,small yellow circle,True,True,"Based on your examples, I've learned that the rule for labeling the objects as 'True' appears to be that the object must either be large, regardless of shape and color, or it must be blue but not a medium rectangle or circle. Objects that are small and yellow also seem to be labeled 'True', except for medium yellow triangles which are labeled 'False'.

Labeling for Group 10:
-small yellow circle -> True
-large blue triangle -> True
-large blue rectangle -> True
-small blue circle -> True
-large yellow triangle -> True"
24,hg21,large or small,large blue triangle,True,True,"Based on your examples, I've learned that the rule for labeling the objects as 'True' appears to be that the object must either be large, regardless of shape and color, or it must be blue but not a medium rectangle or circle. Objects that are small and yellow also seem to be labeled 'True', except for medium yellow triangles which are labeled 'False'.

Labeling for Group 10:
-small yellow circle -> True
-large blue triangle -> True
-large blue rectangle -> True
-small blue circle -> True
-large yellow triangle -> True"
25,hg21,large or small,large blue rectangle,True,True,"Based on your examples, I've learned that the rule for labeling the objects as 'True' appears to be that the object must either be large, regardless of shape and color, or it must be blue but not a medium rectangle or circle. Objects that are small and yellow also seem to be labeled 'True', except for medium yellow triangles which are labeled 'False'.

Labeling for Group 10:
-small yellow circle -> True
-large blue triangle -> True
-large blue rectangle -> True
-small blue circle -> True
-large yellow triangle -> True"
26,hg21,large or small,small blue circle,True,True,"Based on your examples, I've learned that the rule for labeling the objects as 'True' appears to be that the object must either be large, regardless of shape and color, or it must be blue but not a medium rectangle or circle. Objects that are small and yellow also seem to be labeled 'True', except for medium yellow triangles which are labeled 'False'.

Labeling for Group 10:
-small yellow circle -> True
-large blue triangle -> True
-large blue rectangle -> True
-small blue circle -> True
-large yellow triangle -> True"
27,hg21,large or small,large yellow triangle,True,True,"Based on your examples, I've learned that the rule for labeling the objects as 'True' appears to be that the object must either be large, regardless of shape and color, or it must be blue but not a medium rectangle or circle. Objects that are small and yellow also seem to be labeled 'True', except for medium yellow triangles which are labeled 'False'.

Labeling for Group 10:
-small yellow circle -> True
-large blue triangle -> True
-large blue rectangle -> True
-small blue circle -> True
-large yellow triangle -> True"
28,hg21,large or small,medium blue triangle,False,True,"Based on your examples, I've learned that the rule for labeling objects 'True' is that the object must either be large, blue, or a triangle. Any object that doesn't meet at least one of these criteria should be labeled 'False'.

For Group 11:
-medium blue triangle -> True (because it is blue and a triangle)
-large blue circle -> True (because it is large and blue)
-small yellow triangle -> True (because it is a triangle)
-large blue text -> True (because it is large and blue)"
29,hg21,large or small,large blue circle,True,True,"Based on your examples, I've learned that the rule for labeling objects 'True' is that the object must either be large, blue, or a triangle. Any object that doesn't meet at least one of these criteria should be labeled 'False'.

For Group 11:
-medium blue triangle -> True (because it is blue and a triangle)
-large blue circle -> True (because it is large and blue)
-small yellow triangle -> True (because it is a triangle)
-large blue text -> True (because it is large and blue)"
30,hg21,large or small,small yellow triangle,True,True,"Based on your examples, I've learned that the rule for labeling objects 'True' is that the object must either be large, blue, or a triangle. Any object that doesn't meet at least one of these criteria should be labeled 'False'.

For Group 11:
-medium blue triangle -> True (because it is blue and a triangle)
-large blue circle -> True (because it is large and blue)
-small yellow triangle -> True (because it is a triangle)
-large blue text -> True (because it is large and blue)"
31,hg21,large or small,large blue triangle,True,None,"Based on your examples, I've learned that the rule for labeling objects 'True' is that the object must either be large, blue, or a triangle. Any object that doesn't meet at least one of these criteria should be labeled 'False'.

For Group 11:
-medium blue triangle -> True (because it is blue and a triangle)
-large blue circle -> True (because it is large and blue)
-small yellow triangle -> True (because it is a triangle)
-large blue text -> True (because it is large and blue)"
32,hg21,large or small,large green triangle,True,True,"Based on your examples, I've learned that the rule for labeling the objects as 'True' appears to be that the object must be either large in size or not blue and a medium-sized triangle. All small objects are labeled 'True' regardless of shape or color, and all medium objects are labeled 'False'. Large objects are labeled 'True' only if they are not medium blue triangles. Now, I will label the objects in Group 12 according to this rule:

-large green triangle -> True
-small blue circle -> True
-small green triangle -> True
-large yellow rectangle -> True
-medium blue triangle -> False"
33,hg21,large or small,small blue circle,True,True,"Based on your examples, I've learned that the rule for labeling the objects as 'True' appears to be that the object must be either large in size or not blue and a medium-sized triangle. All small objects are labeled 'True' regardless of shape or color, and all medium objects are labeled 'False'. Large objects are labeled 'True' only if they are not medium blue triangles. Now, I will label the objects in Group 12 according to this rule:

-large green triangle -> True
-small blue circle -> True
-small green triangle -> True
-large yellow rectangle -> True
-medium blue triangle -> False"
34,hg21,large or small,small green triangle,True,True,"Based on your examples, I've learned that the rule for labeling the objects as 'True' appears to be that the object must be either large in size or not blue and a medium-sized triangle. All small objects are labeled 'True' regardless of shape or color, and all medium objects are labeled 'False'. Large objects are labeled 'True' only if they are not medium blue triangles. Now, I will label the objects in Group 12 according to this rule:

-large green triangle -> True
-small blue circle -> True
-small green triangle -> True
-large yellow rectangle -> True
-medium blue triangle -> False"
35,hg21,large or small,large yellow rectangle,True,True,"Based on your examples, I've learned that the rule for labeling the objects as 'True' appears to be that the object must be either large in size or not blue and a medium-sized triangle. All small objects are labeled 'True' regardless of shape or color, and all medium objects are labeled 'False'. Large objects are labeled 'True' only if they are not medium blue triangles. Now, I will label the objects in Group 12 according to this rule:

-large green triangle -> True
-small blue circle -> True
-small green triangle -> True
-large yellow rectangle -> True
-medium blue triangle -> False"
36,hg21,large or small,medium blue triangle,False,False,"Based on your examples, I've learned that the rule for labeling the objects as 'True' appears to be that the object must be either large in size or not blue and a medium-sized triangle. All small objects are labeled 'True' regardless of shape or color, and all medium objects are labeled 'False'. Large objects are labeled 'True' only if they are not medium blue triangles. Now, I will label the objects in Group 12 according to this rule:

-large green triangle -> True
-small blue circle -> True
-small green triangle -> True
-large yellow rectangle -> True
-medium blue triangle -> False"
37,hg21,large or small,large blue triangle,True,True,"Based on your examples, I've learned that the rule for labeling objects 'True' seems to be that the object must be both large and of any color except medium blue, or it can be small and blue regardless of shape. Objects that are medium-sized or not blue and not large are labeled 'False'.

Labeling objects in Group 13 according to the rule:

-large blue triangle -> True
-large yellow circle -> True
-small blue circle -> True
-large yellow rectangle -> True"
38,hg21,large or small,large yellow circle,True,True,"Based on your examples, I've learned that the rule for labeling objects 'True' seems to be that the object must be both large and of any color except medium blue, or it can be small and blue regardless of shape. Objects that are medium-sized or not blue and not large are labeled 'False'.

Labeling objects in Group 13 according to the rule:

-large blue triangle -> True
-large yellow circle -> True
-small blue circle -> True
-large yellow rectangle -> True"
39,hg21,large or small,small blue circle,True,True,"Based on your examples, I've learned that the rule for labeling objects 'True' seems to be that the object must be both large and of any color except medium blue, or it can be small and blue regardless of shape. Objects that are medium-sized or not blue and not large are labeled 'False'.

Labeling objects in Group 13 according to the rule:

-large blue triangle -> True
-large yellow circle -> True
-small blue circle -> True
-large yellow rectangle -> True"
40,hg21,large or small,large yellow rectangle,True,True,"Based on your examples, I've learned that the rule for labeling objects 'True' seems to be that the object must be both large and of any color except medium blue, or it can be small and blue regardless of shape. Objects that are medium-sized or not blue and not large are labeled 'False'.

Labeling objects in Group 13 according to the rule:

-large blue triangle -> True
-large yellow circle -> True
-small blue circle -> True
-large yellow rectangle -> True"
41,hg21,large or small,medium yellow circle,False,False,"Based on your examples, I've learned that the rule for labeling the objects 'True' is that they must be either large in size, blue in color, or both. Small and medium objects that are not blue should be labeled 'False'.

Given that, here are the labels for the objects in Group 14:
-medium yellow circle-> False
-small green rectangle-> True
-small blue circle-> True"
42,hg21,large or small,small green rectangle,True,True,"Based on your examples, I've learned that the rule for labeling the objects 'True' is that they must be either large in size, blue in color, or both. Small and medium objects that are not blue should be labeled 'False'.

Given that, here are the labels for the objects in Group 14:
-medium yellow circle-> False
-small green rectangle-> True
-small blue circle-> True"
43,hg21,large or small,small blue circle,True,True,"Based on your examples, I've learned that the rule for labeling the objects 'True' is that they must be either large in size, blue in color, or both. Small and medium objects that are not blue should be labeled 'False'.

Given that, here are the labels for the objects in Group 14:
-medium yellow circle-> False
-small green rectangle-> True
-small blue circle-> True"
44,hg21,large or small,small blue circle,True,True,"Based on your examples, I've learned that the rule for labeling the objects 'True' or 'False' seems to be based on two criteria: 

1. Size: Only 'small' and 'large' objects are labeled 'True', while 'medium' sized objects are labeled 'False'.
2. Color: Only 'blue', 'green', and 'yellow' objects are labeled 'True'; the presence of other colors has not been demonstrated to affect the labeling, but there is a consistent exclusion of 'medium' objects regardless of their color.

Shape does not appear to determine whether an object is labeled 'True' or 'False', as rectangles, triangles, and circles are all labeled 'True' if they meet the size and color criteria.

Therefore, for Group 15, the labels should be as follows:
- small blue circle -> True (fits 'small' and 'blue' criteria)
- small blue rectangle -> False (only 'small' and 'large' are true)
- large blue rectangle -> True (fits 'large' and 'blue' criteria)
- medium blue triangle -> False (medium-sized objects are false)
- large blue triangle -> True (fits 'large' and 'blue' criteria)"
45,hg21,large or small,small blue rectangle,True,False,"Based on your examples, I've learned that the rule for labeling the objects 'True' or 'False' seems to be based on two criteria: 

1. Size: Only 'small' and 'large' objects are labeled 'True', while 'medium' sized objects are labeled 'False'.
2. Color: Only 'blue', 'green', and 'yellow' objects are labeled 'True'; the presence of other colors has not been demonstrated to affect the labeling, but there is a consistent exclusion of 'medium' objects regardless of their color.

Shape does not appear to determine whether an object is labeled 'True' or 'False', as rectangles, triangles, and circles are all labeled 'True' if they meet the size and color criteria.

Therefore, for Group 15, the labels should be as follows:
- small blue circle -> True (fits 'small' and 'blue' criteria)
- small blue rectangle -> False (only 'small' and 'large' are true)
- large blue rectangle -> True (fits 'large' and 'blue' criteria)
- medium blue triangle -> False (medium-sized objects are false)
- large blue triangle -> True (fits 'large' and 'blue' criteria)"
46,hg21,large or small,large blue rectangle,True,True,"Based on your examples, I've learned that the rule for labeling the objects 'True' or 'False' seems to be based on two criteria: 

1. Size: Only 'small' and 'large' objects are labeled 'True', while 'medium' sized objects are labeled 'False'.
2. Color: Only 'blue', 'green', and 'yellow' objects are labeled 'True'; the presence of other colors has not been demonstrated to affect the labeling, but there is a consistent exclusion of 'medium' objects regardless of their color.

Shape does not appear to determine whether an object is labeled 'True' or 'False', as rectangles, triangles, and circles are all labeled 'True' if they meet the size and color criteria.

Therefore, for Group 15, the labels should be as follows:
- small blue circle -> True (fits 'small' and 'blue' criteria)
- small blue rectangle -> False (only 'small' and 'large' are true)
- large blue rectangle -> True (fits 'large' and 'blue' criteria)
- medium blue triangle -> False (medium-sized objects are false)
- large blue triangle -> True (fits 'large' and 'blue' criteria)"
47,hg21,large or small,medium blue triangle,False,False,"Based on your examples, I've learned that the rule for labeling the objects 'True' or 'False' seems to be based on two criteria: 

1. Size: Only 'small' and 'large' objects are labeled 'True', while 'medium' sized objects are labeled 'False'.
2. Color: Only 'blue', 'green', and 'yellow' objects are labeled 'True'; the presence of other colors has not been demonstrated to affect the labeling, but there is a consistent exclusion of 'medium' objects regardless of their color.

Shape does not appear to determine whether an object is labeled 'True' or 'False', as rectangles, triangles, and circles are all labeled 'True' if they meet the size and color criteria.

Therefore, for Group 15, the labels should be as follows:
- small blue circle -> True (fits 'small' and 'blue' criteria)
- small blue rectangle -> False (only 'small' and 'large' are true)
- large blue rectangle -> True (fits 'large' and 'blue' criteria)
- medium blue triangle -> False (medium-sized objects are false)
- large blue triangle -> True (fits 'large' and 'blue' criteria)"
48,hg21,large or small,large blue triangle,True,True,"Based on your examples, I've learned that the rule for labeling the objects 'True' or 'False' seems to be based on two criteria: 

1. Size: Only 'small' and 'large' objects are labeled 'True', while 'medium' sized objects are labeled 'False'.
2. Color: Only 'blue', 'green', and 'yellow' objects are labeled 'True'; the presence of other colors has not been demonstrated to affect the labeling, but there is a consistent exclusion of 'medium' objects regardless of their color.

Shape does not appear to determine whether an object is labeled 'True' or 'False', as rectangles, triangles, and circles are all labeled 'True' if they meet the size and color criteria.

Therefore, for Group 15, the labels should be as follows:
- small blue circle -> True (fits 'small' and 'blue' criteria)
- small blue rectangle -> False (only 'small' and 'large' are true)
- large blue rectangle -> True (fits 'large' and 'blue' criteria)
- medium blue triangle -> False (medium-sized objects are false)
- large blue triangle -> True (fits 'large' and 'blue' criteria)"
49,hg21,large or small,medium blue circle,False,False,"Based on your examples, I've learned that the rule for labeling the objects 'True' is based on their size and color combination. Objects that are either large or small are labeled 'True', while medium-sized objects are labeled 'False'. Additionally, the objects labeled 'True' can be any color.

Let's label Group 16 according to this rule:

-medium blue circle -> False (because it is medium-sized)
-small yellow rectangle -> True (because it is small-sized)"
50,hg21,large or small,small yellow rectangle,True,True,"Based on your examples, I've learned that the rule for labeling the objects 'True' is based on their size and color combination. Objects that are either large or small are labeled 'True', while medium-sized objects are labeled 'False'. Additionally, the objects labeled 'True' can be any color.

Let's label Group 16 according to this rule:

-medium blue circle -> False (because it is medium-sized)
-small yellow rectangle -> True (because it is small-sized)"
51,hg21,large or small,large yellow triangle,True,True,"Based on your examples, I've learned that the rule for labeling the objects as 'True' seems to be that an object must be either large or blue, but not medium. Any object that is medium or that is neither large nor blue should be labeled 'False'.

Labeling for Group 17:
-large yellow triangle -> True
-large blue rectangle -> True
-medium green triangle -> False
-large blue circle -> True"
52,hg21,large or small,large blue rectangle,True,True,"Based on your examples, I've learned that the rule for labeling the objects as 'True' seems to be that an object must be either large or blue, but not medium. Any object that is medium or that is neither large nor blue should be labeled 'False'.

Labeling for Group 17:
-large yellow triangle -> True
-large blue rectangle -> True
-medium green triangle -> False
-large blue circle -> True"
53,hg21,large or small,medium green triangle,False,False,"Based on your examples, I've learned that the rule for labeling the objects as 'True' seems to be that an object must be either large or blue, but not medium. Any object that is medium or that is neither large nor blue should be labeled 'False'.

Labeling for Group 17:
-large yellow triangle -> True
-large blue rectangle -> True
-medium green triangle -> False
-large blue circle -> True"
54,hg21,large or small,large blue circle,True,True,"Based on your examples, I've learned that the rule for labeling the objects as 'True' seems to be that an object must be either large or blue, but not medium. Any object that is medium or that is neither large nor blue should be labeled 'False'.

Labeling for Group 17:
-large yellow triangle -> True
-large blue rectangle -> True
-medium green triangle -> False
-large blue circle -> True"
55,hg21,large or small,medium green triangle,False,False,"Based on your examples, I've learned that the rule for labeling the objects 'True' seems to rely on the size and the color of the object, irrespective of their shape. The objects labeled as 'True' are either large of any color or any size but blue. Therefore, medium-sized objects of any color other than blue and blue objects that are not large should be labeled 'False'.

Labeling for Group 18:
-medium green triangle -> False
-large green rectangle -> True"
56,hg21,large or small,large green rectangle,True,True,"Based on your examples, I've learned that the rule for labeling the objects 'True' seems to rely on the size and the color of the object, irrespective of their shape. The objects labeled as 'True' are either large of any color or any size but blue. Therefore, medium-sized objects of any color other than blue and blue objects that are not large should be labeled 'False'.

Labeling for Group 18:
-medium green triangle -> False
-large green rectangle -> True"
57,hg21,large or small,small green triangle,True,False,"Based on your examples, I've learned that the rule for labeling the objects 'True' appears to be based on the combination of their size and color. An object is labeled 'True' if it is either large regardless of color, or if it is both small and blue or small and yellow. Medium-sized objects of any color are labeled 'False', as are non-blue or non-yellow small objects. 

Here are the labels for Group 19 following this rule:
-small green triangle-> False
-large blue rectangle-> True
-medium blue circle-> False
-small blue rectangle-> True
-small yellow triangle-> True"
58,hg21,large or small,large blue rectangle,True,True,"Based on your examples, I've learned that the rule for labeling the objects 'True' appears to be based on the combination of their size and color. An object is labeled 'True' if it is either large regardless of color, or if it is both small and blue or small and yellow. Medium-sized objects of any color are labeled 'False', as are non-blue or non-yellow small objects. 

Here are the labels for Group 19 following this rule:
-small green triangle-> False
-large blue rectangle-> True
-medium blue circle-> False
-small blue rectangle-> True
-small yellow triangle-> True"
59,hg21,large or small,medium blue circle,False,False,"Based on your examples, I've learned that the rule for labeling the objects 'True' appears to be based on the combination of their size and color. An object is labeled 'True' if it is either large regardless of color, or if it is both small and blue or small and yellow. Medium-sized objects of any color are labeled 'False', as are non-blue or non-yellow small objects. 

Here are the labels for Group 19 following this rule:
-small green triangle-> False
-large blue rectangle-> True
-medium blue circle-> False
-small blue rectangle-> True
-small yellow triangle-> True"
60,hg21,large or small,small blue rectangle,True,True,"Based on your examples, I've learned that the rule for labeling the objects 'True' appears to be based on the combination of their size and color. An object is labeled 'True' if it is either large regardless of color, or if it is both small and blue or small and yellow. Medium-sized objects of any color are labeled 'False', as are non-blue or non-yellow small objects. 

Here are the labels for Group 19 following this rule:
-small green triangle-> False
-large blue rectangle-> True
-medium blue circle-> False
-small blue rectangle-> True
-small yellow triangle-> True"
61,hg21,large or small,small yellow triangle,True,True,"Based on your examples, I've learned that the rule for labeling the objects 'True' appears to be based on the combination of their size and color. An object is labeled 'True' if it is either large regardless of color, or if it is both small and blue or small and yellow. Medium-sized objects of any color are labeled 'False', as are non-blue or non-yellow small objects. 

Here are the labels for Group 19 following this rule:
-small green triangle-> False
-large blue rectangle-> True
-medium blue circle-> False
-small blue rectangle-> True
-small yellow triangle-> True"
62,hg21,large or small,small yellow triangle,True,False,"Based on your examples, I've learned that the rule for labeling objects 'True' seems to be based on either the size or the color of the objects. Specifically, large objects of any color and small blue objects are labeled 'True', while all medium-sized objects and non-blue small objects are labeled 'False'. Note that all medium objects, regardless of their color or shape, are labeled 'False'. Meanwhile, any 'large' or 'small' objects that are blue, as well as all 'large' objects of any color, are labeled 'True'.

Therefore, the labels for the objects in Group 20 will be:
-small yellow triangle -> False
-medium blue rectangle -> False
-small yellow rectangle -> False
-large green circle -> True"
63,hg21,large or small,medium blue rectangle,False,False,"Based on your examples, I've learned that the rule for labeling objects 'True' seems to be based on either the size or the color of the objects. Specifically, large objects of any color and small blue objects are labeled 'True', while all medium-sized objects and non-blue small objects are labeled 'False'. Note that all medium objects, regardless of their color or shape, are labeled 'False'. Meanwhile, any 'large' or 'small' objects that are blue, as well as all 'large' objects of any color, are labeled 'True'.

Therefore, the labels for the objects in Group 20 will be:
-small yellow triangle -> False
-medium blue rectangle -> False
-small yellow rectangle -> False
-large green circle -> True"
64,hg21,large or small,small yellow rectangle,True,False,"Based on your examples, I've learned that the rule for labeling objects 'True' seems to be based on either the size or the color of the objects. Specifically, large objects of any color and small blue objects are labeled 'True', while all medium-sized objects and non-blue small objects are labeled 'False'. Note that all medium objects, regardless of their color or shape, are labeled 'False'. Meanwhile, any 'large' or 'small' objects that are blue, as well as all 'large' objects of any color, are labeled 'True'.

Therefore, the labels for the objects in Group 20 will be:
-small yellow triangle -> False
-medium blue rectangle -> False
-small yellow rectangle -> False
-large green circle -> True"
65,hg21,large or small,large green circle,True,True,"Based on your examples, I've learned that the rule for labeling objects 'True' seems to be based on either the size or the color of the objects. Specifically, large objects of any color and small blue objects are labeled 'True', while all medium-sized objects and non-blue small objects are labeled 'False'. Note that all medium objects, regardless of their color or shape, are labeled 'False'. Meanwhile, any 'large' or 'small' objects that are blue, as well as all 'large' objects of any color, are labeled 'True'.

Therefore, the labels for the objects in Group 20 will be:
-small yellow triangle -> False
-medium blue rectangle -> False
-small yellow rectangle -> False
-large green circle -> True"
66,hg21,large or small,medium blue rectangle,False,False,"Based on your examples, I've learned that the rule for labeling the objects as 'True' is that the object must not be a medium-sized blue rectangle or a medium blue circle or triangle, regardless of its color. All other objects, including large and small ones of various colors and shapes, as well as medium objects that are not blue rectangles, circles, or triangles, should be labeled 'True'.

For Group 21:
-medium blue rectangle -> False
-small blue triangle -> True
-small green circle -> True
-large green circle -> True
-medium green circle -> False"
67,hg21,large or small,small blue triangle,True,True,"Based on your examples, I've learned that the rule for labeling the objects as 'True' is that the object must not be a medium-sized blue rectangle or a medium blue circle or triangle, regardless of its color. All other objects, including large and small ones of various colors and shapes, as well as medium objects that are not blue rectangles, circles, or triangles, should be labeled 'True'.

For Group 21:
-medium blue rectangle -> False
-small blue triangle -> True
-small green circle -> True
-large green circle -> True
-medium green circle -> False"
68,hg21,large or small,small green circle,True,True,"Based on your examples, I've learned that the rule for labeling the objects as 'True' is that the object must not be a medium-sized blue rectangle or a medium blue circle or triangle, regardless of its color. All other objects, including large and small ones of various colors and shapes, as well as medium objects that are not blue rectangles, circles, or triangles, should be labeled 'True'.

For Group 21:
-medium blue rectangle -> False
-small blue triangle -> True
-small green circle -> True
-large green circle -> True
-medium green circle -> False"
69,hg21,large or small,large green circle,True,True,"Based on your examples, I've learned that the rule for labeling the objects as 'True' is that the object must not be a medium-sized blue rectangle or a medium blue circle or triangle, regardless of its color. All other objects, including large and small ones of various colors and shapes, as well as medium objects that are not blue rectangles, circles, or triangles, should be labeled 'True'.

For Group 21:
-medium blue rectangle -> False
-small blue triangle -> True
-small green circle -> True
-large green circle -> True
-medium green circle -> False"
70,hg21,large or small,medium green circle,False,False,"Based on your examples, I've learned that the rule for labeling the objects as 'True' is that the object must not be a medium-sized blue rectangle or a medium blue circle or triangle, regardless of its color. All other objects, including large and small ones of various colors and shapes, as well as medium objects that are not blue rectangles, circles, or triangles, should be labeled 'True'.

For Group 21:
-medium blue rectangle -> False
-small blue triangle -> True
-small green circle -> True
-large green circle -> True
-medium green circle -> False"
71,hg21,large or small,small blue rectangle,True,True,"Based on your examples, I've learned that the rule for labeling the objects 'True' is based on two criteria: the object must be either large or small (medium is not allowed), AND the shape cannot be a circle (only rectangles and triangles are permitted).

Applying this rule to Group 22:
-small blue rectangle -> True (It is small and not a circle)
-large green rectangle -> True (It is large and not a circle)"
72,hg21,large or small,large green rectangle,True,True,"Based on your examples, I've learned that the rule for labeling the objects 'True' is based on two criteria: the object must be either large or small (medium is not allowed), AND the shape cannot be a circle (only rectangles and triangles are permitted).

Applying this rule to Group 22:
-small blue rectangle -> True (It is small and not a circle)
-large green rectangle -> True (It is large and not a circle)"
73,hg21,large or small,medium blue circle,False,False,"Based on your examples, I've learned that the rule for labeling objects as 'True' depends on the object being either large, any color but not medium, or small and blue. If an object is medium-sized but not blue, it should be labeled 'False'. Given this rule:

-medium blue circle -> False"
74,hg21,large or small,large yellow circle,True,True,"Based on your examples, I've learned that the rule for labeling the objects as 'True' is based on the size and color of the objects. An object is labeled 'True' if it is either large or the color blue, regardless of its shape. An object is labeled 'False' if it is medium-sized or a color other than blue, unless the object is either green and circle-shaped or yellow and triangle-shaped (these exceptions will still be labeled 'True'). Now to label the objects in Group 24:

-large yellow circle -> True (because it is large, the rule for ""large"" overrides other considerations)
-large blue rectangle -> True (because it is large and blue)
-medium green triangle -> False (because it is medium and the exception for green does not apply to triangles)
-small yellow circle -> True (because circles are exceptions and its yellow color does not affect the rule)"
75,hg21,large or small,large blue rectangle,True,True,"Based on your examples, I've learned that the rule for labeling the objects as 'True' is based on the size and color of the objects. An object is labeled 'True' if it is either large or the color blue, regardless of its shape. An object is labeled 'False' if it is medium-sized or a color other than blue, unless the object is either green and circle-shaped or yellow and triangle-shaped (these exceptions will still be labeled 'True'). Now to label the objects in Group 24:

-large yellow circle -> True (because it is large, the rule for ""large"" overrides other considerations)
-large blue rectangle -> True (because it is large and blue)
-medium green triangle -> False (because it is medium and the exception for green does not apply to triangles)
-small yellow circle -> True (because circles are exceptions and its yellow color does not affect the rule)"
76,hg21,large or small,medium green triangle,False,False,"Based on your examples, I've learned that the rule for labeling the objects as 'True' is based on the size and color of the objects. An object is labeled 'True' if it is either large or the color blue, regardless of its shape. An object is labeled 'False' if it is medium-sized or a color other than blue, unless the object is either green and circle-shaped or yellow and triangle-shaped (these exceptions will still be labeled 'True'). Now to label the objects in Group 24:

-large yellow circle -> True (because it is large, the rule for ""large"" overrides other considerations)
-large blue rectangle -> True (because it is large and blue)
-medium green triangle -> False (because it is medium and the exception for green does not apply to triangles)
-small yellow circle -> True (because circles are exceptions and its yellow color does not affect the rule)"
77,hg21,large or small,small yellow circle,True,True,"Based on your examples, I've learned that the rule for labeling the objects as 'True' is based on the size and color of the objects. An object is labeled 'True' if it is either large or the color blue, regardless of its shape. An object is labeled 'False' if it is medium-sized or a color other than blue, unless the object is either green and circle-shaped or yellow and triangle-shaped (these exceptions will still be labeled 'True'). Now to label the objects in Group 24:

-large yellow circle -> True (because it is large, the rule for ""large"" overrides other considerations)
-large blue rectangle -> True (because it is large and blue)
-medium green triangle -> False (because it is medium and the exception for green does not apply to triangles)
-small yellow circle -> True (because circles are exceptions and its yellow color does not affect the rule)"
78,hg21,large or small,large blue circle,True,True,"Based on your examples, I've learned that the labeling rule is as follows: an object is labeled 'True' if it is either large, regardless of shape or color, or if it is any size of blue or green objects, except for medium blue objects which are labeled 'False'. Therefore, medium-sized blue objects are the only exception to the rule where they are labeled 'False' even though they are blue.

Label the object in Group 25:
-large blue circle -> True"
