,rule_match,rule_coverage,concept_num,concept,rule_expression,model_reply,code,good_translation,manual_code
66,False,0.8181818181818182,hg18,large,large and not circle,"Based on your examples, I've learned that the rule for labeling objects 'True' seems to be that the object must be both large and not a circle. All 'True' labeled objects are large but not a single large circle is labeled 'True'. Conversely, every object that is not large or is a large circle has been labeled 'False'.

Labeling Group 25 objects under this rule:
-medium yellow circle -> False (It is not large)
-medium green triangle -> False (It is not large)
-large green rectangle -> True (It is large and not a circle)
-large blue rectangle -> True (It is large and not a circle)","def is_rule(obj):
    return obj.large and not obj.circle",Y,"def is_rule(obj):
    return obj.large and not obj.circle"
68,False,0.7794117647058824,hg84,(circle or blue) or  (triangle and green),blue or green,"Based on your examples, I've learned that the rule for labeling objects as 'True' is based on a combination of three criteria: color (blue or green), shape (any shape is acceptable), and size (any size is fine). The object must be either blue or green in color to be labeled 'True'. Objects that are yellow, regardless of their shape or position relative to other objects, are labeled 'False'.

Labeling for Group 25:
- small blue triangle -> True
- small yellow rectangle -> False
- medium yellow triangle -> False","def is_rule(obj):
    return obj.blue or obj.green",Y,"def is_rule(obj):
    return obj.blue or obj.green"
76,False,0.7631578947368421,hg83,(circle and blue) or (triangle and green),(circle or triangle) and (blue or green) and not (rectangle or yellow),"Based on your examples, I've learned that the rule for labeling objects 'True' is that the object must be a circle or a triangle, and it must be blue or green. Any size of these shapes and colors can be true as long as the object is not a rectangle or of another color such as yellow. 

Now, labeling objects in Group 25:
- medium blue circle -> True
- small yellow rectangle -> False
- medium yellow rectangle -> False
- small yellow triangle -> False
- large green rectangle -> False","def is_rule(obj):
    return (obj.circle or obj.triangle) and (obj.blue or obj.green) and not (obj.rectangle or obj.yellow)",Y,"def is_rule(obj):
    return (obj.circle or obj.triangle) and (obj.blue or obj.green) and not (obj.rectangle or obj.yellow)"
60,False,0.4833333333333333,hg82,(circle or triangle) implies blue,False,"Based on your examples, I've learned that the rule for labeling objects as 'True' relies on both the color and the shape of an object. An object is labeled 'True' if it meets one of the following conditions:
1. The object is any size blue shape (triangle, circle, rectangle).
2. The object is a large yellow shape (triangle, rectangle, circle).
3. The object is a medium or small green rectangle.

All other colors, sizes, and shapes, including green shapes that do not meet the criteria above, medium or large green rectangles, and all yellow triangles and circles that are not large, are labeled 'False.'

Applying this rule to the object in Group 25:

-medium yellow rectangle -> True
","def is_rule(obj):
    return False",N,"def is_rule(obj):
	return obj.blue or (obj.large and obj.yellow) or ((obj.medium or obj.small) and obj.green and obj.rectangle)"
61,False,0.819672131147541,hg81,blue implies size 1, or ( ),"Based on your examples, I've learned that the rule for labeling objects 'True' depends on either the color or the size and shape combined:

- All green-colored objects are labeled 'True' regardless of their size or shape.
- All small objects of any color other than green are labeled 'True' regardless of their shape.
- All triangles of any color other than green and size other than small are labeled 'True'.
- Large blue shapes (other than triangles) and medium blue shapes of any kind are labeled 'False'.

Applying this rule to Group 25:
-small green circle -> True (because it is green)
-small yellow triangle -> True (because it is small)
-large yellow triangle -> True (because it is a large triangle that isn't green)
-large blue circle -> False (because it is a large blue shape that isn't a triangle)","def is_rule(obj):
    return obj.color or (obj.size and obj.shape)",N,"def is_rule(obj):
	return (obj.green or (obj.small and not obj.green) or (obj.triangle and not obj.green and not obj.small)) and not ((obj.large and obj.blue) or (obj.medium and obj.blue))
"
73,False,1.0,hg80,(not blue) implies (not circle),(not circle) or (circle and blue) or triangle or rectangle,"Based on your examples, I've learned that the rule for labeling objects as 'True' seems to be that an object must not be a circle or if it is a circle, it must be blue. All other shapes (triangle, rectangle) are labeled 'True' regardless of color, and circles are only labeled 'True' if they are blue. Green circles and yellow circles are always labeled 'False'.

Labels for Group 25:
-large blue circle -> True","def is_rule(obj):
    return (not obj.circle) or (obj.circle and obj.blue) or obj.triangle or obj.rectangle",Y,"def is_rule(obj):
    return (not obj.circle) or (obj.circle and obj.blue) or (obj.triangle or obj.rectangle)"
83,False,0.7108433734939759,hg79,(not blue) implies circle,(blue or green) and (circle),"Based on your examples, I've learned that the rule for labeling objects as 'True' is that the object must be a blue shape or a green circle. All other shapes and colors should be labeled 'False'.

For Group 25:
-medium yellow circle -> False
-medium green rectangle -> False
-large green circle -> True
-medium blue triangle -> True
-medium yellow rectangle -> False","def is_rule(obj):
    return (obj.blue or obj.green) and (obj.circle)",N,"def is_rule(obj):
  	return obj.blue or (obj.green and obj.circle)"
89,False,0.9325842696629212,hg78,blue implies circle,not(blue) and not(triangle and blue),"Based on your examples, I've learned that the rule for labeling the objects as 'True' is that they must not be blue in color and must not be blue triangles of any size. All non-blue objects and non-blue triangles in the given examples are labeled as 'True', while all blue objects and blue triangles, regardless of size, shape, or group, are labeled as 'False'.

Label for the object in Group 185:
-small green rectangle -> True","def is_rule(obj):
    return not(obj.blue) and not(obj.triangle and obj.blue)",Y,"def is_rule(obj):
    return not(obj.blue) and not(obj.triangle and obj.blue)"
66,False,0.9393939393939394,hg77,circle implies blue,rectangle or triangle,"Based on your examples, I've learned that the rule for labeling the objects 'True' is that the object must be a rectangle or a triangle. Circles are always labeled 'False' regardless of their color or size.

Now, for Group 25:
-large blue rectangle -> True
-small blue circle -> False
-small green circle -> False
-large blue triangle -> True
-medium green rectangle -> True","def is_rule(obj):
    return obj.rectangle or obj.triangle",Y,"def is_rule(obj):
    return obj.rectangle or obj.triangle"
67,False,0.7014925373134329,hg25,blue or small,small and (triangle or rectangle),"Based on your examples, I've learned that the rule for labeling the objects 'True' seems to be that an object must be both small and not a circle. All objects labeled 'True' are small and are either triangles or rectangles, while objects that are large, medium, or any size circle are labeled 'False'.

Labeling for Group 25:
-medium blue circle -> False
-small green rectangle -> True","def is_rule(obj):
    return obj.small and (obj.triangle or obj.rectangle)",Y,"def is_rule(obj):
    return obj.small and (obj.triangle or obj.rectangle)"
71,False,1.0,hg24,small and blue,small and blue and (circle or rectangle or triangle),"Based on your examples, I've learned that the secret rule for labeling the objects as 'True' is that the object must be a small blue shape. All objects labeled 'True' so far meet these criteria (small, blue, and any shape), while all objects that do not meet these criteria are labeled 'False.'

Now, I'll label the objects in Group 25:
-medium green circle -> False
-medium green rectangle -> False
-small yellow circle -> False
-small yellow triangle -> False
-medium green triangle -> False
","def is_rule(obj):
    return obj.small and obj.blue and (obj.circle or obj.rectangle or obj.triangle)",Y,"def is_rule(obj):
    return obj.small and obj.blue and (obj.circle or obj.rectangle or obj.triangle)"
68,False,1.0,hg22,large or medium,large or medium and not small,"Based on your examples, I've learned that the rule for labeling an object 'True' is that the object must be both large or medium in size and cannot be a small object. The rule appears to be irrespective of the shape or color of the object. Objects that are small, regardless of their shape or color, are labeled 'False'.

Labeling for Group 25:
-large yellow rectangle -> True
-medium blue rectangle -> True
-medium green rectangle -> True
-small green circle -> False","def is_rule(obj):
    return obj.large or obj.medium and not obj.small",Y,"def is_rule(obj):
    return obj.large or obj.medium and not obj.small"
78,False,0.8461538461538461,hg21,large or small,large or (blue or green) and not (medium and blue),"Based on your examples, I've learned that the labeling rule is as follows: an object is labeled 'True' if it is either large, regardless of shape or color, or if it is any size of blue or green objects, except for medium blue objects which are labeled 'False'. Therefore, medium-sized blue objects are the only exception to the rule where they are labeled 'False' even though they are blue.

Label the object in Group 25:
-large blue circle -> True","def is_rule(obj):
    return obj.large or (obj.blue or obj.green) and not (obj.medium and obj.blue)",N,"def is_rule(obj):
    return obj.large or ((obj.blue or obj.green) and not (obj.medium and obj.blue))"
68,False,1.0,hg20,small,small and (blue or green or yellow),"Based on your examples, I've learned that the rule for labeling the objects 'True' is that an object must be both small and have one of the following three colors: blue, green, or yellow. It doesn't matter what shape the object is, as long as it is small and is one of these three colors.

Labeling for Group 25:
-medium green circle -> False (because it is not small)
-small yellow circle -> True (because it is small and yellow)
-small blue triangle -> True (because it is small and blue)
-large blue rectangle -> False (because it is not small)
-large green􏰁 rectangle -> False (because it is not small)","def is_rule(obj):
    return obj.small and (obj.blue or obj.green or obj.yellow)",Y,"def is_rule(obj):
    return obj.small and (obj.blue or obj.green or obj.yellow)"
70,False,0.9714285714285714,hg19,medium,(medium and (green or blue)) or (yellow and ((medium and rectangle) or (medium and circle))),"Based on your examples, I've learned that the rule for labeling the objects 'True' is that the object must be both medium-sized and either green or blue in color regardless of shape, or it must be a yellow object that is either a medium-sized rectangle or a medium-sized circle. If an object does not meet these criteria, it should be labeled 'False'.

Labeling objects in Group 25:

-small yellow triangle -> False
-medium blue triangle -> True","def is_rule(obj):
    return (obj.medium and (obj.green or obj.blue)) or (obj.yellow and ((obj.medium and obj.rectangle) or (obj.medium and obj.circle)))",Y,"def is_rule(obj):
    return (obj.medium and (obj.green or obj.blue)) or (obj.yellow and ((obj.medium and obj.rectangle) or (obj.medium and obj.circle)))"
66,False,0.9242424242424242,hg85,circle or (blue and triangle),circle and (blue or yellow) or (triangle and blue),"Based on your examples, I've learned that the rule for labeling the objects appears to be related to the shape and color of the objects, but size does not seem to be a factor. An object is labeled 'True' if it is either a circle or a triangle that is blue or yellow if it's a circle and is blue if it's a triangle. All rectangles are labeled 'False', as are green triangles, and yellow triangles.

For Group 25:
-small green triangle -> False","def is_rule(obj):
    return obj.circle and (obj.blue or obj.yellow) or (obj.triangle and obj.blue)",Y,"def is_rule(obj):
    return (obj.circle and (obj.blue or obj.yellow)) or (obj.triangle and obj.blue)"
75,False,1.0,hg86,circle or (triangle implies blue),rectangle or (circle) or (triangle and blue),"Based on your examples, I've learned that the rule for labeling the objects 'True' or 'False' seems to relate to the combination of the object's color and shape. An object receives a 'True' label if it is a rectangle of any color or size, a circle of any color or size, or a blue triangle of any size. Any other object, namely non-blue triangles and all green triangles regardless of color, receives a 'False' label. The size of the object does not appear to affect its label under this rule.

Using this rule, the labels for the objects in Group 25 are:
-large yellow circle -> True
-small green circle -> True
-small blue rectangle -> True
-large green triangle -> False
-large green circle -> True","def is_rule(obj):
    return obj.rectangle or (obj.circle) or (obj.triangle and obj.blue)",Y,"def is_rule(obj):
    return obj.rectangle or (obj.circle) or (obj.triangle and obj.blue)"
73,False,0.5205479452054794,hg15,not (circle xor blue),green or (triangle),"Based on your examples, I've learned that the rule for labeling the objects 'True' is that the object must be either a green shape of any kind or a triangle of any color, or both. All other objects that do not meet this criterion should be labeled 'False'.

Using this rule, I will now label the objects in Group 25:

-small yellow triangle -> True (it's a triangle of any color)
-small green circle -> True (it's a green shape)
-medium yellow circle -> False (not green and not a triangle)
-small green rectangle -> True (it's a green shape)","def is_rule(obj):
    return obj.green or (obj.triangle)",Y,"def is_rule(obj):
    return obj.green or (obj.triangle)"
86,False,1.0,hg05,not circle,triangle or rectangle,"Based on your examples, I've learned that the labeling rule considers only the shape and size of the objects, but not their color. The rule is: All triangles and rectangles are labeled 'True', while all circles are labeled 'False', regardless of their size or color.

Applying this rule to Group 25, each object should be labeled as follows:

-small green triangle -> True
-medium yellow triangle -> True
-small green circle -> False","def is_rule(obj):
    return obj.triangle or obj.rectangle",Y,"def is_rule(obj):
    return obj.triangle or obj.rectangle"
74,False,1.0,hg06,circle or blue,(blue or circle) or (yellow or green) and circle,"Based on your examples, I've learned that the rule for labeling objects 'True' seems to depend on their color and shape. Objects are labeled 'True' if they are either blue of any shape, or a yellow or green circle. All other combinations are labeled 'False'. Now I will label the objects in Group 25 accordingly:

-small yellow triangle -> False
-small green rectangle -> False
-small green circle -> True
-medium yellow triangle -> False","def is_rule(obj):
    return (obj.blue or obj.circle) or (obj.yellow or obj.green) and obj.circle",N,"def is_rule(obj):
    return (obj.blue) or ((obj.yellow or obj.green) and obj.circle)"
65,False,0.7384615384615385,hg16,circle xor (not blue),not (medium and blue) and not (large and blue),"Based on your examples, I've learned that the rule for labeling objects as 'True' seems to be that the object must not be a medium or large blue shape. All medium and large blue shapes have been labeled 'False,' while all other shapes and sizes, including small blue ones, have been labeled 'True'. Therefore, following this rule:

-medium yellow triangle -> True","def is_rule(obj):
    return not (obj.medium and obj.blue) and not (obj.large and obj.blue)",Y,"def is_rule(obj):
    return not (obj.medium and obj.blue) and not (obj.large and obj.blue)"
73,False,0.8356164383561644,hg09,circle and blue,large and blue,"Based on your examples, I've learned that the secret rule for labeling the objects as 'True' is that the object must be both large and blue, regardless of its shape. Any object that does not meet both of these criteria should be labeled as 'False'.

Now I will label the objects in Group 25:
-large yellow rectangle -> False
-large yellow circle -> False
-large green circle -> False
-medium green rectangle -> False
-large yellow triangle -> False","def is_rule(obj):
    return obj.large and obj.blue",Y,"def is_rule(obj):
    return obj.large and obj.blue"
69,False,1.0,hg10,circle and (not blue),circle and (green or yellow),"Based on your examples, I've learned that the rule for labeling the objects 'True' seems to be that the object must be a circle and be either green or yellow in color. Size does not appear to matter, as circles of various sizes have been marked 'True' as long as they are green or yellow. Rectangles, triangles, and other shapes, regardless of their color and size, are marked 'False'.

Using this rule, let's label the objects in Group 25:
-medium yellow rectangle -> False
-large green rectangle -> False
-small green circle -> True
-large yellow rectangle -> False","def is_rule(obj):
    return obj.circle and (obj.green or obj.yellow)",Y,"def is_rule(obj):
    return obj.circle and (obj.green or obj.yellow)"
72,False,0.9444444444444444,hg08,blue or green,green or ((blue and triangle) or (blue and rectangle)),"Based on your examples, I've learned that the rule for labeling objects 'True' is based on color and shape: an object is labeled 'True' if it is either green or if it is a blue triangle or blue rectangle. All other objects should be labeled 'False'.

Now I will label the object in Group 25:
-medium yellow triangle-> False","def is_rule(obj):
    return obj.green or ((obj.blue and obj.triangle) or (obj.blue and obj.rectangle))",Y,"def is_rule(obj):
    return obj.green or ((obj.blue and obj.triangle) or (obj.blue and obj.rectangle))"
82,False,0.9390243902439024,hg12,not (circle or blue),triangle or (rectangle and (green or yellow)),"Based on your examples, I've learned that the labeling rule considers two factors: the shape and color of the objects. An object is labeled 'True' if it is a triangle of any color or size or if it is a rectangle that is either green or yellow, regardless of size. Any other shape or color combination is labeled 'False'.

Labeling for Group 25:
-medium blue triangle -> False (It's a blue triangle which should be true, but since all blue objects have been marked as false, the color seems to override the shape in this rule.)
-large green rectangle -> True (It's a green rectangle, aligning with the rule.)
-large yellow triangle -> True (It's a triangle, which fits the rule.)","def is_rule(obj):
    return obj.triangle or (obj.rectangle and (obj.green or obj.yellow))",Y,"def is_rule(obj):
    return obj.triangle or (obj.rectangle and (obj.green or obj.yellow))"
68,False,1.0,hg13,circle and not blue,(circle and (green or yellow)) or (small and circle and yellow),"Based on your examples, I've learned that the rule for determining whether an object is labeled 'True' is based on its shape and color alone. The only objects that have been labeled 'True' are circles that are green or yellow and small yellow circles, regardless of their size. All other shapes, regardless of their size or color, have been labeled 'False'.

Therefore, for Group 25:
- large blue rectangle -> False
- medium green rectangle -> False
- large yellow triangle -> False
- large green circle -> True
- medium yellow triangle -> False","def is_rule(obj):
    return (obj.circle and (obj.green or obj.yellow)) or (obj.small and obj.circle and obj.yellow)",Y,"def is_rule(obj):
    return (obj.circle and (obj.green or obj.yellow)) or (obj.small and obj.circle and obj.yellow)"
69,False,0.5652173913043478,hg14,circle xor blue,(circle and ((large and green) or (medium and yellow))) if obj else False,"Based on your examples, I've learned that the rule for labeling the objects 'True' seems to be: An object is labeled 'True' if it is a circle that is either large and green, or medium and yellow. All other objects, regardless of their shape, color, or size, are labeled 'False'.

For Group 25:
-large yellow circle -> False","def is_rule(obj):
    return (obj.circle and ((obj.large and obj.green) or (obj.medium and obj.yellow))) if obj else False",Y,"def is_rule(obj):
    return (obj.circle and ((obj.large and obj.green) or (obj.medium and obj.yellow))) if obj else False"
73,False,0.9041095890410958,hg11,not (circle and blue),not (medium and blue),"Based on your examples, I've learned that the rule for labeling objects 'True' seems to be that any object that is not a medium-sized blue shape is labeled 'True'. All medium-sized blue shapes are labeled 'False'. All sizes and shapes of green and yellow objects, as well as small and large blue objects that are not medium-sized, have been labeled 'True', while all medium blue objects have been labeled 'False'.

Labeling objects in Group 25:
-large blue rectangle -> True
-small blue triangle -> True
-medium blue triangle -> False
-medium in blue rectangle -> True","def is_rule(obj):
    return not (obj.medium and obj.blue)",Y,"def is_rule(obj):
    return not (obj.medium and obj.blue)"
82,True,1.0,hg23,medium or small,small or medium,"Based on your examples, I've learned that the rule for labeling the objects 'True' or 'False' is based on the size and the shape of the objects, but not on their color. An object is labeled 'True' if it is either small or medium in size, regardless of its color. Large objects are labeled 'False'. All shapes—circles, triangles, and rectangles—can be true as long as they are small or medium. The rule does not apply to the green color in particular, as objects of all colors are subject to the same sizing rule.

Here are the labels for Group 25:
-medium green circle -> True
-large green rectangle -> False
-small green region -> True
-medium green rectangle -> True","def is_rule(obj):
    return obj.small or obj.medium",Y,"def is_rule(obj):
    return obj.small or obj.medium"
76,True,1.0,hg07,circle or triangle,triangle or circle,"Based on your examples, I've learned that the rule for labeling the objects as 'True' is that the object must be a triangle or a circle. The size and color do not matter, nor does the presence of other shapes. Invalid shapes include rectangles of any size or color; they are consistently labeled 'False'.

Labels for Group 25:
-large yellow triangle -> True
-medium green triangle -> True","def is_rule(obj):
    return obj.triangle or obj.circle",Y,"def is_rule(obj):
    return obj.triangle or obj.circle"
66,True,1.0,hg04,circle,circle,"Based on your examples, I've learned that the rule for labeling the objects 'True' seems to be that an object must be a circle of any size or color. All non-circular objects are labeled 'False'. Non-circular shapes, regardless of their size (small, medium, large) and color (yellow, green, blue), are consistently labeled 'False'.

Labeling for objects in Group 25:
-large blue rectangle -> False
-small green triangle -> False
-medium yellow triangle -> False
-medium blue rectangles -> False","def is_rule(obj):
    return obj.circle",Y,"def is_rule(obj):
    return obj.circle"
79,True,1.0,hg03,blue,blue,"Based on your examples, I've learned that the rule for labeling the objects as 'True' is that the object must be blue, regardless of its size or shape. All blue objects are labeled 'True', and all objects of other colors are labeled 'False'.

Labels for the objects in Group 25:
-medium yellow rectangle -> False
-large yellow triangle -> False
-large yellow circle -> False","def is_rule(obj):
    return obj.blue",Y,"def is_rule(obj):
    return obj.blue"
76,True,1.0,hg02,False,False,"Based on your examples, I've learned that the secret rule considers none of the provided attributes such as color, size, and shape since all objects across various groups have been marked 'False' regardless of these characteristics. It seems that there is another factor or characteristic that we have not been shown or there is simply no object that meets the criteria for a 'True' label based on the information provided. 

Given this consistent pattern, the labels for the objects in Group 25 are:
-medium yellow rectangle-> False
-small green circle-> False","def is_rule(obj):
    return False",Y,"def is_rule(obj):
    return False"
61,True,1.0,hg01,True,True,"Based on your examples, I've learned that the rule for labeling the objects as 'True' is not dependent on the color, size, or specific shape of the objects. All objects within the provided groups have been labeled as 'True' regardless of these attributes. Therefore, it seems the rule is that all objects, regardless of color, size, or shape, should be labeled 'True' when placed in a group.

Following this rule, the objects in Group 25 should be labeled as:

-medium blue triangle -> True
-medium yellow triangle -> True","def is_rule(obj):
    return True",Y,"def is_rule(obj):
    return True"
