,obj,label,set,item_in_set,item_num,model_reply,concept,listnum,top_ans
0,"rectangle,yellow,2",False,0,0,0," The labels for the objects in Group 3 are:
-medium yellow rectangle-> False
-medium green triangle-> True
-small green circle-> False
-medium blue triangle-> True 

(Note: In this group, the rule may be related to the color green or the shape of a triangle. However, without more information, it is not possible to determine the exact rule being used.)",hg56,1,False
1,"triangle,green,2",False,0,1,1," The labels for the objects in Group 3 are:
-medium yellow rectangle-> False
-medium green triangle-> True
-small green circle-> False
-medium blue triangle-> True 

(Note: In this group, the rule may be related to the color green or the shape of a triangle. However, without more information, it is not possible to determine the exact rule being used.)",hg56,1,True
2,"circle,green,1",False,0,2,2," The labels for the objects in Group 3 are:
-medium yellow rectangle-> False
-medium green triangle-> True
-small green circle-> False
-medium blue triangle-> True 

(Note: In this group, the rule may be related to the color green or the shape of a triangle. However, without more information, it is not possible to determine the exact rule being used.)",hg56,1,False
3,"triangle,blue,2",False,0,3,3," The labels for the objects in Group 3 are:
-medium yellow rectangle-> False
-medium green triangle-> True
-small green circle-> False
-medium blue triangle-> True 

(Note: In this group, the rule may be related to the color green or the shape of a triangle. However, without more information, it is not possible to determine the exact rule being used.)",hg56,1,True
4,"rectangle,yellow,3",False,1,0,4," The label for the object in Group 4 is:
-large yellow rectangle-> True",hg56,1,True
5,"rectangle,green,3",False,2,0,5," The labels for the objects in Group 5 are:
-large green rectangle-> True
-small blue rectangle-> False
-large blue rectangle-> True 

(Note: I am assuming that the rule for labeling the objects in this group is ""if the object is either a rectangle or larger than a medium-sized object."")",hg56,1,True
6,"rectangle,blue,1",False,2,1,6," The labels for the objects in Group 5 are:
-large green rectangle-> True
-small blue rectangle-> False
-large blue rectangle-> True 

(Note: I am assuming that the rule for labeling the objects in this group is ""if the object is either a rectangle or larger than a medium-sized object."")",hg56,1,False
7,"rectangle,blue,3",False,2,2,7," The labels for the objects in Group 5 are:
-large green rectangle-> True
-small blue rectangle-> False
-large blue rectangle-> True 

(Note: I am assuming that the rule for labeling the objects in this group is ""if the object is either a rectangle or larger than a medium-sized object."")",hg56,1,True
8,"triangle,green,2",True,3,0,8," The labels for the objects in Group 6 are:
-medium green triangle-> False",hg56,1,False
9,"circle,blue,2",True,4,0,9," The labels for the objects in Group 7 are:
-medium blue circle-> False
-medium yellow rectangle-> False 

It seems that there is no rule provided to determine the label for objects in the groups. The labels I provided are based on the assumption that the rule is to label an object 'True' if it is the only object in its group, and 'False' otherwise. If there is a different rule, please let me know and I will revise the labels accordingly.",hg56,1,False
10,"rectangle,yellow,2",False,4,1,10," The labels for the objects in Group 7 are:
-medium blue circle-> False
-medium yellow rectangle-> False 

It seems that there is no rule provided to determine the label for objects in the groups. The labels I provided are based on the assumption that the rule is to label an object 'True' if it is the only object in its group, and 'False' otherwise. If there is a different rule, please let me know and I will revise the labels accordingly.",hg56,1,False
11,"triangle,yellow,1",False,5,0,11," The labels for the objects in Group 8 are:
-small yellow triangle-> False
-large blue triangle-> False
-small blue rectangle-> False
-medium green circle-> False
-small blue circle-> True 

It appears that the secret rule for labeling the objects is:

* In Group 1, the small blue rectangle is labeled 'True'
* In Group 2, the large green rectangle is labeled 'True'
* In Group 3, there is no object that follows the rule
* In Group 4, there is no object to label
* In Group 5, there is no object that follows the rule
* In Group 6, the medium green triangle is labeled 'True'
* In Group 7, the medium blue circle is labeled 'True'
* In Group 8, the small blue circle is labeled 'True'

It is not clear if there is a consistent pattern or rule that can be used to label the objects in each group. It is possible that there is no rule and the objects are labeled randomly.",hg56,1,False
12,"triangle,blue,3",True,5,1,12," The labels for the objects in Group 8 are:
-small yellow triangle-> False
-large blue triangle-> False
-small blue rectangle-> False
-medium green circle-> False
-small blue circle-> True 

It appears that the secret rule for labeling the objects is:

* In Group 1, the small blue rectangle is labeled 'True'
* In Group 2, the large green rectangle is labeled 'True'
* In Group 3, there is no object that follows the rule
* In Group 4, there is no object to label
* In Group 5, there is no object that follows the rule
* In Group 6, the medium green triangle is labeled 'True'
* In Group 7, the medium blue circle is labeled 'True'
* In Group 8, the small blue circle is labeled 'True'

It is not clear if there is a consistent pattern or rule that can be used to label the objects in each group. It is possible that there is no rule and the objects are labeled randomly.",hg56,1,False
13,"rectangle,blue,1",False,5,2,13," The labels for the objects in Group 8 are:
-small yellow triangle-> False
-large blue triangle-> False
-small blue rectangle-> False
-medium green circle-> False
-small blue circle-> True 

It appears that the secret rule for labeling the objects is:

* In Group 1, the small blue rectangle is labeled 'True'
* In Group 2, the large green rectangle is labeled 'True'
* In Group 3, there is no object that follows the rule
* In Group 4, there is no object to label
* In Group 5, there is no object that follows the rule
* In Group 6, the medium green triangle is labeled 'True'
* In Group 7, the medium blue circle is labeled 'True'
* In Group 8, the small blue circle is labeled 'True'

It is not clear if there is a consistent pattern or rule that can be used to label the objects in each group. It is possible that there is no rule and the objects are labeled randomly.",hg56,1,False
14,"circle,green,2",False,5,3,14," The labels for the objects in Group 8 are:
-small yellow triangle-> False
-large blue triangle-> False
-small blue rectangle-> False
-medium green circle-> False
-small blue circle-> True 

It appears that the secret rule for labeling the objects is:

* In Group 1, the small blue rectangle is labeled 'True'
* In Group 2, the large green rectangle is labeled 'True'
* In Group 3, there is no object that follows the rule
* In Group 4, there is no object to label
* In Group 5, there is no object that follows the rule
* In Group 6, the medium green triangle is labeled 'True'
* In Group 7, the medium blue circle is labeled 'True'
* In Group 8, the small blue circle is labeled 'True'

It is not clear if there is a consistent pattern or rule that can be used to label the objects in each group. It is possible that there is no rule and the objects are labeled randomly.",hg56,1,False
15,"circle,blue,1",False,5,4,15," The labels for the objects in Group 8 are:
-small yellow triangle-> False
-large blue triangle-> False
-small blue rectangle-> False
-medium green circle-> False
-small blue circle-> True 

It appears that the secret rule for labeling the objects is:

* In Group 1, the small blue rectangle is labeled 'True'
* In Group 2, the large green rectangle is labeled 'True'
* In Group 3, there is no object that follows the rule
* In Group 4, there is no object to label
* In Group 5, there is no object that follows the rule
* In Group 6, the medium green triangle is labeled 'True'
* In Group 7, the medium blue circle is labeled 'True'
* In Group 8, the small blue circle is labeled 'True'

It is not clear if there is a consistent pattern or rule that can be used to label the objects in each group. It is possible that there is no rule and the objects are labeled randomly.",hg56,1,True
16,"rectangle,blue,3",False,6,0,16," The labels for the objects in Group 9 are:
-large blue rectangle-> False
-small yellow rectangle-> False
-medium blue triangle-> False
-large blue triangle-> True",hg56,1,False
17,"rectangle,yellow,1",False,6,1,17," The labels for the objects in Group 9 are:
-large blue rectangle-> False
-small yellow rectangle-> False
-medium blue triangle-> False
-large blue triangle-> True",hg56,1,False
18,"triangle,blue,2",False,6,2,18," The labels for the objects in Group 9 are:
-large blue rectangle-> False
-small yellow rectangle-> False
-medium blue triangle-> False
-large blue triangle-> True",hg56,1,False
19,"triangle,blue,3",False,6,3,19," The labels for the objects in Group 9 are:
-large blue rectangle-> False
-small yellow rectangle-> False
-medium blue triangle-> False
-large blue triangle-> True",hg56,1,True
20,"rectangle,green,2",False,7,0,20," The labels for the objects in Group 10 are:
-medium green rectangle-> False
-medium green triangle-> True
-small blue rectangle-> False
-medium blue triangle-> False",hg56,1,False
21,"triangle,green,2",False,7,1,21," The labels for the objects in Group 10 are:
-medium green rectangle-> False
-medium green triangle-> True
-small blue rectangle-> False
-medium blue triangle-> False",hg56,1,True
22,"rectangle,blue,1",False,7,2,22," The labels for the objects in Group 10 are:
-medium green rectangle-> False
-medium green triangle-> True
-small blue rectangle-> False
-medium blue triangle-> False",hg56,1,False
23,"triangle,blue,2",False,7,3,23," The labels for the objects in Group 10 are:
-medium green rectangle-> False
-medium green triangle-> True
-small blue rectangle-> False
-medium blue triangle-> False",hg56,1,False
24,"rectangle,green,3",False,8,0,24," The labels for the objects in Group 11 are:
-large green rectangle-> False
-medium blue circle-> False
-large green triangle-> True
-small green triangle-> False
-large blue rectangle-> False",hg56,1,False
25,"circle,blue,2",False,8,1,25," The labels for the objects in Group 11 are:
-large green rectangle-> False
-medium blue circle-> False
-large green triangle-> True
-small green triangle-> False
-large blue rectangle-> False",hg56,1,False
26,"triangle,green,3",False,8,2,26," The labels for the objects in Group 11 are:
-large green rectangle-> False
-medium blue circle-> False
-large green triangle-> True
-small green triangle-> False
-large blue rectangle-> False",hg56,1,True
27,"triangle,green,1",False,8,3,27," The labels for the objects in Group 11 are:
-large green rectangle-> False
-medium blue circle-> False
-large green triangle-> True
-small green triangle-> False
-large blue rectangle-> False",hg56,1,False
28,"rectangle,blue,3",False,8,4,28," The labels for the objects in Group 11 are:
-large green rectangle-> False
-medium blue circle-> False
-large green triangle-> True
-small green triangle-> False
-large blue rectangle-> False",hg56,1,False
29,"circle,green,1",False,9,0,29," The labels for the objects in Group 12 are:
-small green circle-> True
-large green triangle-> False ",hg56,1,True
30,"triangle,green,3",True,9,1,30," The labels for the objects in Group 12 are:
-small green circle-> True
-large green triangle-> False ",hg56,1,False
31,"circle,yellow,1",False,10,0,31," The labels for the objects in Group 13 are:
-small yellow circle-> False 

It seems that the secret rule to label the objects in groups correctly is not provided. I can only label the objects based on the given information, which is not enough to determine a consistent labeling rule. The labels I provided are based on the given objects in each group, but they do not follow a specific rule.",hg56,1,False
32,"rectangle,yellow,3",False,11,0,32," The labels for the objects in Group 14 are:
-large yellow rectangle-> False
-small yellow rectangle-> False ",hg56,1,False
33,"rectangle,yellow,1",False,11,1,33," The labels for the objects in Group 14 are:
-large yellow rectangle-> False
-small yellow rectangle-> False ",hg56,1,False
34,"rectangle,yellow,1",False,12,0,34," The labels for the objects in Group 15 are:
-small yellow rectangle-> False
-large green circle-> False
-medium green rectangle-> False ",hg56,1,False
35,"circle,green,3",True,12,1,35," The labels for the objects in Group 15 are:
-small yellow rectangle-> False
-large green circle-> False
-medium green rectangle-> False ",hg56,1,False
36,"rectangle,green,2",False,12,2,36," The labels for the objects in Group 15 are:
-small yellow rectangle-> False
-large green circle-> False
-medium green rectangle-> False ",hg56,1,False
37,"circle,green,2",False,13,0,37," The labels for the objects in Group 16 are:
-medium green circle-> False
-small blue triangle-> False
-large blue rectangle-> False ",hg56,1,False
38,"triangle,blue,1",False,13,1,38," The labels for the objects in Group 16 are:
-medium green circle-> False
-small blue triangle-> False
-large blue rectangle-> False ",hg56,1,False
39,"rectangle,blue,3",True,13,2,39," The labels for the objects in Group 16 are:
-medium green circle-> False
-small blue triangle-> False
-large blue rectangle-> False ",hg56,1,False
40,"circle,yellow,2",False,14,0,40," The labels for the objects in Group 17 are:
-medium yellow circle-> False
-small yellow triangle-> False ",hg56,1,False
41,"triangle,yellow,1",False,14,1,41," The labels for the objects in Group 17 are:
-medium yellow circle-> False
-small yellow triangle-> False ",hg56,1,False
42,"triangle,yellow,1",False,15,0,42," The labels for the objects in Group 18 are:
-small yellow triangle-> False
-medium blue triangle-> False
-small yellow circle-> False
-medium yellow circle-> False ",hg56,1,False
43,"triangle,blue,2",True,15,1,43," The labels for the objects in Group 18 are:
-small yellow triangle-> False
-medium blue triangle-> False
-small yellow circle-> False
-medium yellow circle-> False ",hg56,1,False
44,"circle,yellow,1",False,15,2,44," The labels for the objects in Group 18 are:
-small yellow triangle-> False
-medium blue triangle-> False
-small yellow circle-> False
-medium yellow circle-> False ",hg56,1,False
45,"circle,yellow,2",False,15,3,45," The labels for the objects in Group 18 are:
-small yellow triangle-> False
-medium blue triangle-> False
-small yellow circle-> False
-medium yellow circle-> False ",hg56,1,False
46,"circle,yellow,3",False,16,0,46," The labels for the objects in Group 19 are:
-large yellow circle-> False
-medium green circle-> False
-large blue triangle-> True
-medium yellow triangle-> False
-medium yellow rectangle-> False ",hg56,1,False
47,"circle,green,2",False,16,1,47," The labels for the objects in Group 19 are:
-large yellow circle-> False
-medium green circle-> False
-large blue triangle-> True
-medium yellow triangle-> False
-medium yellow rectangle-> False ",hg56,1,False
48,"triangle,blue,3",True,16,2,48," The labels for the objects in Group 19 are:
-large yellow circle-> False
-medium green circle-> False
-large blue triangle-> True
-medium yellow triangle-> False
-medium yellow rectangle-> False ",hg56,1,True
49,"triangle,yellow,2",False,16,3,49," The labels for the objects in Group 19 are:
-large yellow circle-> False
-medium green circle-> False
-large blue triangle-> True
-medium yellow triangle-> False
-medium yellow rectangle-> False ",hg56,1,False
50,"rectangle,yellow,2",False,16,4,50," The labels for the objects in Group 19 are:
-large yellow circle-> False
-medium green circle-> False
-large blue triangle-> True
-medium yellow triangle-> False
-medium yellow rectangle-> False ",hg56,1,False
51,"circle,blue,2",False,17,0,51," The labels for the objects in Group 20 are:
-medium blue circle-> True
-small blue rectangle-> False
-medium yellow rectangle-> False
-small blue circle-> False
-medium blue triangle-> True 

It appears that the secret rule for labeling the objects is:
- If the object is a blue triangle, label it 'True'.
- Otherwise, label it 'False'.

This rule is based on the given groups of objects.",hg56,1,True
52,"rectangle,blue,1",False,17,1,52," The labels for the objects in Group 20 are:
-medium blue circle-> True
-small blue rectangle-> False
-medium yellow rectangle-> False
-small blue circle-> False
-medium blue triangle-> True 

It appears that the secret rule for labeling the objects is:
- If the object is a blue triangle, label it 'True'.
- Otherwise, label it 'False'.

This rule is based on the given groups of objects.",hg56,1,False
53,"rectangle,yellow,2",False,17,2,53," The labels for the objects in Group 20 are:
-medium blue circle-> True
-small blue rectangle-> False
-medium yellow rectangle-> False
-small blue circle-> False
-medium blue triangle-> True 

It appears that the secret rule for labeling the objects is:
- If the object is a blue triangle, label it 'True'.
- Otherwise, label it 'False'.

This rule is based on the given groups of objects.",hg56,1,False
54,"circle,blue,1",False,17,3,54," The labels for the objects in Group 20 are:
-medium blue circle-> True
-small blue rectangle-> False
-medium yellow rectangle-> False
-small blue circle-> False
-medium blue triangle-> True 

It appears that the secret rule for labeling the objects is:
- If the object is a blue triangle, label it 'True'.
- Otherwise, label it 'False'.

This rule is based on the given groups of objects.",hg56,1,False
55,"triangle,blue,2",False,17,4,55," The labels for the objects in Group 20 are:
-medium blue circle-> True
-small blue rectangle-> False
-medium yellow rectangle-> False
-small blue circle-> False
-medium blue triangle-> True 

It appears that the secret rule for labeling the objects is:
- If the object is a blue triangle, label it 'True'.
- Otherwise, label it 'False'.

This rule is based on the given groups of objects.",hg56,1,True
56,"rectangle,green,2",False,18,0,56," The labels for the objects in Group 21 are:
-medium green rectangle-> False
-medium green triangle-> False 

It seems that I need more information about the secret rule to label the objects correctly. Could you please provide me with the secret rule?",hg56,1,False
57,"triangle,green,2",False,18,1,57," The labels for the objects in Group 21 are:
-medium green rectangle-> False
-medium green triangle-> False 

It seems that I need more information about the secret rule to label the objects correctly. Could you please provide me with the secret rule?",hg56,1,False
58,"circle,blue,3",True,19,0,58," The labels for the objects in Group 22 are:
-large blue circle-> False ",hg56,1,False
59,"circle,blue,2",True,20,0,59," The labels for the objects in Group 23 are:
-medium blue circle-> False
-small green circle-> False ",hg56,1,False
60,"circle,green,1",False,20,1,60," The labels for the objects in Group 23 are:
-medium blue circle-> False
-small green circle-> False ",hg56,1,False
61,"circle,green,1",False,21,0,61," The labels for the objects in Group 24 are:
-small green circle-> False
-large blue circle-> True
-large yellow rectangle-> False
-large yellow triangle-> False ",hg56,1,False
62,"circle,blue,3",True,21,1,62," The labels for the objects in Group 24 are:
-small green circle-> False
-large blue circle-> True
-large yellow rectangle-> False
-large yellow triangle-> False ",hg56,1,True
63,"rectangle,yellow,3",False,21,2,63," The labels for the objects in Group 24 are:
-small green circle-> False
-large blue circle-> True
-large yellow rectangle-> False
-large yellow triangle-> False ",hg56,1,False
64,"triangle,yellow,3",False,21,3,64," The labels for the objects in Group 24 are:
-small green circle-> False
-large blue circle-> True
-large yellow rectangle-> False
-large yellow triangle-> False ",hg56,1,False
65,"triangle,green,2",False,22,0,65," The labels for the objects in Group 25 are:
-medium green triangle-> False
-medium yellow triangle-> False
-large green triangle-> False
-large blue triangle-> False ",hg56,1,False
66,"triangle,yellow,2",False,22,1,66," The labels for the objects in Group 25 are:
-medium green triangle-> False
-medium yellow triangle-> False
-large green triangle-> False
-large blue triangle-> False ",hg56,1,False
67,"triangle,green,3",False,22,2,67," The labels for the objects in Group 25 are:
-medium green triangle-> False
-medium yellow triangle-> False
-large green triangle-> False
-large blue triangle-> False ",hg56,1,False
68,"triangle,blue,3",False,22,3,68," The labels for the objects in Group 25 are:
-medium green triangle-> False
-medium yellow triangle-> False
-large green triangle-> False
-large blue triangle-> False ",hg56,1,False
69,"rectangle,green,2",True,23,0,69," The labels for the objects in Group 26 are:
-medium green rectangle-> False
-large yellow triangle-> False ",hg56,1,False
70,"triangle,yellow,3",False,23,1,70," The labels for the objects in Group 26 are:
-medium green rectangle-> False
-large yellow triangle-> False ",hg56,1,False
71,"circle,blue,3",True,24,0,71," The labels for the objects in Group 27 are:
-large blue circle-> True ",hg56,1,True
